City,Lat,Lng,County,Violent crime,Murder and nonnegligent manslaughter,Forcible rape,Robbery,Aggravated assault,Property crime,Burglary,Larceny- theft,Motor vehicle theft,Total officers
Alameda,37.7798721,-122.2821855,Alameda,173,1,15,74,83,1964,389,1360,215,85
Albany,37.886704,-122.2977557,Alameda,37,0,5,24,8,582,95,392,95,25
Alhambra,34.095287,-118.1270146,Los Angeles,185,3,8,82,92,2075,345,1460,270,84
Alturas,41.4871146,-120.5424555,Modoc,5,0,2,0,3,63,28,30,5,7
Anaheim,33.8365932,-117.9143012,Orange,1161,7,88,492,574,8473,1594,5869,1010,389
Anderson,40.448208,-122.2977815,Shasta,77,0,5,10,62,510,90,394,26,16
Antioch,38.0049214,-121.805789,Contra Costa,864,13,32,313,506,3096,1087,1049,960,104
Arcadia,34.1397292,-118.0353449,Los Angeles,88,1,5,36,46,1737,364,1267,106,65
Arcata,40.8665166,-124.0828396,Humboldt,40,0,6,14,20,648,172,444,32,26
Arroyo Grande,35.1185868,-120.5907252,San Luis Obispo,25,0,3,5,17,317,76,224,17,25
Arvin,35.2017986,-118.833105,Kern,187,0,1,19,167,500,186,232,82,18
Atascadero,35.4894169,-120.6707255,San Luis Obispo,79,0,10,8,61,620,152,435,33,26
Atherton,37.4613272,-122.197743,San Mateo,21,0,3,4,14,136,28,107,1,17
Atwater,37.3477174,-120.609084,Merced,114,4,6,23,81,1128,322,700,106,36
Auburn,38.8965654,-121.0768901,Placer,59,0,7,14,38,291,60,189,42,22
Azusa,34.1336186,-117.9075627,Los Angeles,226,2,11,63,150,1136,276,731,129,59
Bakersfield,35.3732921,-119.0187125,Kern,2104,33,34,641,1396,15197,4235,8507,2455,349
Baldwin Park,34.0852868,-117.9608978,Los Angeles,253,2,8,102,141,1752,306,940,506,72
Banning,33.9255713,-116.8764103,Riverside,155,3,7,32,113,546,278,205,63,33
Barstow,34.8957957,-117.0172826,San Bernardino,190,6,8,45,131,777,263,371,143,39
Bear Valley,38.4646337,-120.0399088,Alpine,1,0,1,0,0,72,9,60,3,8
Beaumont,33.9294606,-116.977248,Riverside,87,0,6,16,65,781,173,543,65,56
Bell,33.9775142,-118.1870156,Los Angeles,241,1,12,90,138,601,176,285,140,32
Bell Gardens,33.9652918,-118.1514588,Los Angeles,210,5,5,112,88,940,150,391,399,53
Belmont,37.5202145,-122.2758008,San Mateo,26,0,0,8,18,367,69,268,30,31
Belvedere,37.8727044,-122.4644171,Marin,0,0,0,0,0,25,1,21,3,9
Benicia,38.049365,-122.1585777,Solano,50,1,7,15,27,471,136,268,67,36
Berkeley,37.8715226,-122.273042,Alameda,533,5,23,365,140,5943,1088,4240,615,171
Beverly Hills,34.0736204,-118.4003563,Los Angeles,75,3,4,35,33,985,263,677,45,127
Bishop,37.3614238,-118.3996636,Inyo,22,0,2,3,17,84,19,62,3,12
Blythe,33.6177725,-114.5882607,Riverside,77,0,3,13,61,605,256,332,17,22
Brawley,32.9786566,-115.530267,Imperial,53,0,5,10,38,1102,354,622,126,38
Brea,33.916475,-117.9002918,Orange,71,1,3,28,39,1471,197,1200,74,97
Brentwood,37.931868,-121.6957863,Contra Costa,112,0,6,41,65,1117,214,796,107,61
Brisbane,37.6807661,-122.3999715,San Mateo,5,0,0,1,4,68,13,47,8,13
Broadmoor,37.6913628,-122.4807659,San Mateo,14,0,1,2,11,79,25,45,9,9
Buena Park,33.8674044,-117.9981387,Orange,241,0,13,82,146,2007,355,1270,382,90
Burbank,34.1808392,-118.3089661,Los Angeles,221,0,13,98,110,2687,478,1933,276,149
Burlingame,37.5778696,-122.34809,San Mateo,59,0,5,20,34,702,108,520,74,36
Calexico,32.6789476,-115.4988834,Imperial,77,0,5,34,38,1429,518,584,327,40
California City,35.125801,-117.9859038,Kern,56,3,4,2,47,475,184,257,34,15
Calipatria,33.1255957,-115.5141538,Imperial,15,0,0,0,15,19,12,7,0,4
Calistoga,38.5787965,-122.5797054,Napa,8,0,2,2,4,126,25,97,4,11
Campbell,37.2871651,-121.9499568,Santa Clara,83,0,10,32,41,1451,319,1017,115,40
Capitola,36.9752283,-121.953293,Santa Cruz,113,0,3,11,99,708,78,608,22,21
Carlsbad,33.1580933,-117.3505939,San Diego,195,0,20,41,134,1820,399,1313,108,110
Carmel,36.5552386,-121.9232879,Monterey,13,0,3,3,7,106,31,74,1,13
Cathedral City,33.7805388,-116.4668036,Riverside,249,3,17,49,180,1505,556,660,289,53
Ceres,37.5949316,-120.9577098,Stanislaus,168,3,7,57,101,1946,360,1134,452,49
Chico,39.7284944,-121.8374777,Butte,245,1,47,88,109,2347,710,1416,221,97
Chino,34.0122346,-117.688944,San Bernardino,264,0,13,76,175,2009,479,1314,216,102
Chowchilla,37.1229997,-120.2601754,Madera,64,0,5,5,54,344,153,168,23,17
Chula Vista,32.6400541,-117.0841955,San Diego,663,2,54,254,353,5124,760,3255,1109,230
Citrus Heights,38.7071247,-121.2810611,Sacramento,385,4,25,155,201,3931,756,2675,500,87
City of Angels,34.0522342,-118.2436849,Los Angeles,11,0,1,2,8,67,24,38,5,6
Claremont,34.0966764,-117.7197785,Los Angeles,49,0,5,26,18,877,231,595,51,35
Clayton,37.9410341,-121.9357925,Contra Costa,15,0,0,9,6,142,38,96,8,11
Clearlake,38.9582307,-122.6263728,Lake,73,0,9,20,44,584,188,310,86,18
Cloverdale,38.8054624,-123.0172227,Sonoma,19,0,5,2,12,174,39,123,12,15
Clovis,36.8252277,-119.7029194,Fresno,165,2,31,55,77,3569,755,2428,386,94
Coalinga,36.139678,-120.3601496,Fresno,124,0,6,12,106,539,173,343,23,21
Colma,37.6768779,-122.459695,San Mateo,8,0,0,5,3,259,6,236,17,17
Colton,34.0739016,-117.3136547,San Bernardino,170,6,14,79,71,1579,406,890,283,58
Colusa,39.2143343,-122.0094175,Colusa,11,0,2,1,8,124,37,77,10,8
Concord,37.9779776,-122.0310733,Contra Costa,551,4,28,167,352,3799,922,2128,749,147
Corcoran,36.098007,-119.5604015,Kings,42,0,1,4,37,289,119,135,35,19
Corning,39.9276572,-122.1791556,Tehama,46,0,5,6,35,314,63,228,23,15
Corona,33.8752935,-117.5664384,Riverside,199,2,15,90,92,3536,650,2453,433,172
Coronado,32.6858853,-117.1830891,San Diego,25,0,0,3,22,442,69,336,37,43
Costa Mesa,33.6638439,-117.9047429,Orange,240,1,34,93,112,3194,458,2454,282,147
Cotati,38.3293416,-122.7096666,Sonoma,35,0,0,6,29,86,28,55,3,9
Covina,34.0900091,-117.8903397,Los Angeles,171,1,7,77,86,1643,377,1072,194,55
Crescent City,41.7557501,-124.2025913,Del Norte,28,0,8,2,18,287,87,190,10,14
Culver City,34.0211224,-118.3964665,Los Angeles,149,0,4,94,51,1638,177,1337,124,99
Cypress,33.8169366,-118.0368507,Orange,63,0,2,37,24,787,121,584,82,56
Daly City,37.6879241,-122.4702079,San Mateo,250,2,9,105,134,1804,332,1152,320,108
Davis,38.5449065,-121.7405167,Yolo,99,0,18,30,51,1738,415,1220,103,58
Delano,35.7688425,-119.2470536,Kern,247,0,6,55,186,1651,773,446,432,46
Del Rey Oaks,36.5932934,-121.8349515,Monterey,1,0,0,0,1,57,6,50,1,6
Desert Hot Springs,33.961124,-116.5016784,Riverside,374,3,8,67,296,1380,573,630,177,25
Dinuba,36.5432837,-119.3870656,Tulare,177,1,2,25,149,825,301,402,122,35
Dixon,38.4454641,-121.8232958,Solano,69,0,11,18,40,481,71,358,52,24
Dos Palos,36.9860582,-120.6265722,Merced,48,1,3,5,39,171,58,105,8,7
Downey,33.9401088,-118.1331593,Los Angeles,394,6,17,199,172,3956,656,2372,928,118
East Palo Alto,37.4688273,-122.1410751,San Mateo,271,4,18,103,146,846,364,248,234,37
El Cajon,32.7947731,-116.9625269,San Diego,387,0,15,169,203,2766,552,1678,536,120
El Centro,32.792,-115.5630514,Imperial,197,1,7,45,144,2408,672,1546,190,52
El Cerrito,37.9161326,-122.310765,Contra Costa,134,0,2,75,57,947,208,590,149,43
Elk Grove,38.4087993,-121.3716178,Sacramento,529,2,14,108,405,3204,653,2208,343,123
El Monte,34.0686206,-118.0275667,Los Angeles,600,3,27,265,305,2598,607,1194,797,127
El Segundo,33.9191799,-118.4164652,Los Angeles,34,0,5,17,12,541,141,360,40,63
Emeryville,37.8395028,-122.2892278,Alameda,128,0,2,58,68,981,113,777,91,38
Escalon,37.7974273,-120.9966033,San Joaquin,15,0,3,1,11,179,54,110,15,10
Escondido,33.1192068,-117.086421,San Diego,597,3,37,212,345,4033,743,2460,830,160
Etna,41.4568065,-122.8947551,Siskiyou,0,0,0,0,0,2,0,2,0,1
Eureka,40.8020712,-124.1636729,Humboldt,184,1,17,57,109,1576,651,771,154,48
Exeter,36.2960613,-119.1420517,Tulare,22,0,3,5,14,247,79,142,26,17
Fairfax,37.9871454,-122.5888686,Marin,14,0,1,2,11,129,32,83,14,11
Fairfield,38.2491956,-122.0405151,Solano,502,8,18,185,291,3395,757,2169,469,114
Farmersville,36.2977283,-119.2067767,Tulare,68,3,1,7,57,207,54,129,24,14
Ferndale,40.5762406,-124.2639441,Humboldt,1,0,0,0,1,13,3,10,0,4
Firebaugh,36.8588376,-120.4560072,Fresno,21,0,0,2,19,176,53,88,35,12
Folsom,38.6779591,-121.1760583,Sacramento,105,0,9,32,64,1484,262,1159,63,74
Fontana,34.0922335,-117.435048,San Bernardino,759,6,37,240,476,3681,804,2130,747,184
Fort Bragg,39.445723,-123.8052935,Mendocino,44,1,4,4,35,232,65,156,11,16
Fortuna,40.5981867,-124.1572756,Humboldt,40,0,4,4,32,438,87,324,27,18
Foster City,37.5585465,-122.2710788,San Mateo,24,0,1,2,21,416,103,273,40,35
Fountain Valley,33.7090212,-117.9544069,Orange,103,3,5,28,67,1292,266,951,75,56
Fowler,36.6305058,-119.6784697,Fresno,25,0,1,4,20,130,25,71,34,10
Fremont,37.5485396,-121.988583,Alameda,488,3,40,189,256,4414,1167,2757,490,178
Fresno,36.7377981,-119.7871247,Fresno,3034,45,70,1021,1898,24460,5262,14645,4553,793
Fullerton,33.8703645,-117.9242123,Orange,425,3,26,145,251,3847,680,2825,342,147
Galt,38.2546373,-121.2999485,Sacramento,50,0,5,7,38,467,131,300,36,35
Gardena,33.8883487,-118.3089624,Los Angeles,347,2,9,202,134,1446,271,835,340,89
Garden Grove,33.7742692,-117.9379952,Orange,539,3,22,184,330,3590,810,2318,462,161
Gilroy,37.0029828,-121.5566373,Santa Clara,205,1,14,78,112,1555,237,1126,192,58
Glendale,34.1425078,-118.255075,Los Angeles,277,0,17,119,141,3717,642,2747,328,254
Glendora,34.1361187,-117.865339,Los Angeles,62,0,9,24,29,1249,228,946,75,49
Gonzales,36.5066295,-121.4443806,Monterey,35,1,0,6,28,153,44,93,16,9
Grass Valley,39.2190608,-121.0610606,Nevada,111,0,8,15,88,500,111,370,19,23
Greenfield,36.3207998,-121.2438138,Monterey,104,3,3,41,57,344,85,229,30,15
Gridley,39.3637773,-121.6935833,Butte,48,0,3,3,42,236,76,141,19,15
Grover Beach,35.1216424,-120.6212821,San Luis Obispo,32,0,6,5,21,317,82,213,22,18
Guadalupe,34.971644,-120.5718363,Santa Barbara,12,0,2,0,10,67,18,45,4,11
Gustine,37.2577171,-120.9988154,Merced,8,0,0,1,7,175,69,85,21,6
Half Moon Bay,37.4635519,-122.4285862,San Mateo,11,0,1,5,5,248,45,193,10,12
Hanford,36.3274502,-119.6456844,Kings,181,0,6,43,132,1159,252,707,200,51
Hawthorne,33.9164032,-118.3525748,Los Angeles,653,9,33,281,330,2200,653,1112,435,96
Hayward,37.6687665,-122.0809964,Alameda,652,13,48,391,200,3753,1097,1649,1007,199
Healdsburg,38.6104658,-122.8691609,Sonoma,16,0,1,2,13,283,50,226,7,16
Hemet,33.7475203,-116.9719684,Riverside,369,8,17,129,215,2887,875,1682,330,66
Hercules,38.0171441,-122.2885808,Contra Costa,46,2,3,12,29,356,74,201,81,29
Hermosa Beach,33.8622366,-118.3995194,Los Angeles,40,0,6,19,15,553,107,423,23,34
Hillsborough,37.5741032,-122.3794163,San Mateo,4,1,1,0,2,95,26,69,0,25
Hollister,36.8524545,-121.4016021,San Benito,159,1,9,30,119,889,421,374,94,25
Huntington Beach,33.6594835,-117.9988026,Orange,449,2,32,109,306,4673,767,3621,285,215
Huntington Park,33.9816812,-118.2250725,Los Angeles,559,6,4,394,155,2095,234,1217,644,69
Huron,36.2027308,-120.1029177,Fresno,70,0,1,13,56,129,32,81,16,11
Imperial,32.8475528,-115.5694391,Imperial,5,0,0,2,3,84,21,44,19,16
Indio,33.7205771,-116.2155619,Riverside,453,10,32,113,298,2729,878,1336,515,70
Inglewood,33.9616801,-118.3531311,Los Angeles,843,20,32,381,410,2672,627,1342,703,188
Ione,38.3526912,-120.9327177,Amador,24,0,2,0,22,114,28,82,4,6
Irvine,33.6845673,-117.8265049,Orange,120,0,24,40,56,2798,480,2197,121,200
Irwindale,34.1069527,-117.9353413,Los Angeles,19,1,0,5,13,136,37,77,22,26
Isleton,38.1618614,-121.6116206,Sacramento,5,0,0,1,4,8,0,7,1,1
Jackson,38.3488023,-120.7741018,Amador,22,0,1,4,17,136,45,84,7,9
Kensington,37.9104805,-122.2802471,Contra Costa,2,0,0,0,2,110,37,61,12,10
Kerman,36.72355719999999,-120.059879,Fresno,49,1,0,11,37,681,172,371,138,18
King City,36.2127439,-121.1260287,Monterey,56,4,7,9,36,205,102,80,23,19
Kingsburg,36.5138398,-119.5540175,Fresno,26,1,1,2,22,458,128,253,77,14
Laguna Beach,33.5427189,-117.7853568,Orange,78,0,5,8,65,474,82,379,13,47
La Habra,33.9318591,-117.946137,Orange,169,0,18,60,91,1236,258,846,132,62
Lakeport,39.0429506,-122.9158293,Lake,20,0,2,5,13,282,63,210,9,11
Lake Shastina,41.5187746,-122.3935971,Siskiyou,3,0,0,0,3,1,1,0,0,4
La Mesa,32.7678287,-117.0230839,San Diego,184,0,12,68,104,2025,427,1328,270,67
La Palma,33.8463218,-118.0461393,Orange,9,0,0,5,4,218,65,141,12,24
La Verne,34.1008426,-117.7678355,Los Angeles,56,0,4,18,34,643,130,477,36,40
Lemoore,36.3007835,-119.7829107,Kings,110,0,11,18,81,689,114,508,67,27
Lincoln,38.891565,-121.2930079,Placer,28,1,8,4,15,447,117,273,57,31
Lindsay,36.2030064,-119.08816,Tulare,69,0,2,3,64,333,82,191,60,18
Livermore,37.6818688,-121.7684732,Alameda,323,0,16,53,254,1770,369,1250,151,83
Livingston,37.3868826,-120.7235329,Merced,103,0,4,13,86,346,163,151,32,19
Lodi,38.1341477,-121.2722194,San Joaquin,243,1,12,112,118,2002,531,1272,199,72
Lompoc,34.6391501,-120.4579409,Santa Barbara,311,1,22,26,262,932,154,727,51,50
Long Beach,33.7700504,-118.1937395,Los Angeles,2720,32,134,1202,1352,11642,2929,6524,2189,889
Los Alamitos,33.8032009,-118.0718894,Orange,14,0,1,7,6,279,74,179,26,22
Los Altos,37.3852183,-122.1141298,Santa Clara,8,0,4,3,1,233,67,163,3,30
Los Angeles,34.0522342,-118.2436849,Los Angeles,21484,293,923,10924,9344,89704,17410,55248,17046,9858
Los Banos,37.0582786,-120.8499151,Merced,139,2,4,36,97,1050,323,637,90,38
Los Gatos,37.2358078,-121.9623751,Santa Clara,34,0,8,10,16,576,114,434,28,42
Madera,36.9613356,-120.0607176,Madera,357,8,22,100,227,1319,460,552,307,59
Mammoth Lakes,37.648546,-118.972079,Mono,46,0,8,2,36,230,68,156,6,18
Manhattan Beach,33.8847361,-118.4109089,Los Angeles,48,1,6,21,20,839,162,627,50,65
Manteca,37.7974273,-121.2160526,San Joaquin,241,1,10,71,159,1883,344,1304,235,59
Marina,36.68440289999999,-121.802173,Monterey,53,2,2,17,32,531,115,390,26,30
Martinez,38.0193657,-122.1341321,Contra Costa,73,1,6,25,41,847,196,521,130,39
Marysville,39.1457253,-121.5913547,Yuba,83,1,9,17,56,405,125,213,67,20
McFarland,35.6780104,-119.2292748,Kern,64,1,2,8,53,263,95,105,63,7
Mendota,36.7535611,-120.3815574,Fresno,71,0,3,22,46,411,62,289,60,12
Menlo Park,37.4529598,-122.1817252,San Mateo,41,0,3,20,18,645,139,467,39,48
Merced,37.3021632,-120.4829677,Merced,549,7,33,141,368,2808,633,1934,241,96
Millbrae,37.5985468,-122.3871942,San Mateo,33,1,0,5,27,388,95,265,28,18
Mill Valley,37.9060368,-122.5449763,Marin,6,0,0,1,5,225,64,151,10,21
Milpitas,37.4323341,-121.8995741,Santa Clara,91,0,9,53,29,1981,264,1461,256,84
Modesto,37.63909719999999,-120.9968782,Stanislaus,1398,10,62,427,899,9383,2171,5786,1426,236
Monrovia,34.1442616,-118.0019482,Los Angeles,72,0,3,26,43,1080,158,797,125,48
Montclair,34.0775104,-117.6897776,San Bernardino,173,1,6,84,82,1752,197,1208,347,50
Montebello,34.0165053,-118.1137535,Los Angeles,214,3,10,92,109,1941,737,724,480,71
Monterey,36.6002378,-121.8946761,Monterey,154,1,7,33,113,1183,211,913,59,50
Monterey Park,34.0625106,-118.1228476,Los Angeles,96,3,0,57,36,860,219,415,226,72
Moraga,37.8349263,-122.1296871,Contra Costa,11,0,0,3,8,222,39,173,10,11
Morgan Hill,37.1305012,-121.6543901,Santa Clara,54,0,9,9,36,642,146,430,66,36
Morro Bay,35.3659445,-120.8499924,San Luis Obispo,29,0,1,1,27,171,37,120,14,16
Mountain View,37.3860517,-122.0838511,Santa Clara,168,1,4,46,117,1458,177,1179,102,94
Mount Shasta,41.3098746,-122.3105666,Siskiyou,7,0,1,0,6,85,39,44,2,8
Murrieta,33.5539143,-117.2139232,Riverside,99,1,10,33,55,1407,429,852,126,86
Napa,38.2975381,-122.286865,Napa,245,1,21,44,179,1557,328,1102,127,66
National City,32.6781085,-117.0991967,San Diego,428,4,11,148,265,1849,310,1033,506,85
Nevada City,39.2615606,-121.0160594,Nevada,36,0,1,1,34,98,27,63,8,12
Newark,37.5299765,-122.0383968,Alameda,187,4,7,66,110,1428,327,974,127,51
Newman,37.3138267,-121.0207614,Stanislaus,25,0,1,6,18,270,91,133,46,12
Newport Beach,33.6188829,-117.9298493,Orange,117,0,4,42,71,2176,425,1617,134,137
Novato,38.1074198,-122.5697032,Marin,99,0,3,29,67,1035,204,722,109,55
Oakdale,37.7665947,-120.8471545,Stanislaus,41,0,3,9,29,796,218,504,74,21
Oakland,37.8043514,-122.2711639,Alameda,6267,90,318,2917,2942,17325,4961,7720,4644,674
Oceanside,33.1958696,-117.3794834,San Diego,650,4,47,177,422,3909,765,2799,345,208
Ontario,34.0633443,-117.6508876,San Bernardino,630,3,48,237,342,4918,850,3170,898,224
Orange,33.7879139,-117.8531007,Orange,150,3,3,56,88,2569,404,1944,221,158
Orland,39.7473803,-122.1963748,Glenn,36,0,1,9,26,223,68,111,44,10
Oroville,39.5137752,-121.556359,Butte,218,1,10,26,181,1011,291,632,88,23
Oxnard,34.1975048,-119.1770516,Ventura,691,8,19,329,335,4018,785,2760,473,236
Pacifica,37.6138253,-122.4869194,San Mateo,69,0,7,17,45,760,114,580,66,36
Pacific Grove,36.6177374,-121.9166215,Monterey,17,1,2,2,12,401,123,270,8,22
Palm Springs,33.8302961,-116.5452921,Riverside,282,1,22,69,190,1973,607,1188,178,88
Palo Alto,37.4418834,-122.1430195,Santa Clara,58,0,4,39,15,1346,217,1080,49,86
Palos Verdes Estates,33.8005714,-118.3900737,Los Angeles,5,0,0,1,4,116,44,69,3,21
Paradise,39.7596061,-121.6219177,Butte,104,1,11,11,81,546,174,340,32,24
Parlier,36.6116174,-119.5270734,Fresno,155,0,9,20,126,465,128,231,106,16
Pasadena,34.1477849,-118.1445155,Los Angeles,554,3,21,189,341,4074,832,2864,378,240
Paso Robles,35.6368759,-120.6545022,San Luis Obispo,95,0,13,15,67,1006,268,688,50,32
Petaluma,38.232417,-122.6366524,Sonoma,197,1,13,19,164,778,117,604,57,67
Piedmont,37.8244063,-122.2314865,Alameda,4,0,0,4,0,214,49,139,26,19
Pinole,38.0043667,-122.2988587,Contra Costa,79,0,1,33,45,670,137,392,141,31
Pismo Beach,35.1427533,-120.6412827,San Luis Obispo,24,0,3,5,16,347,75,267,5,23
Pittsburg,38.0279762,-121.8846806,Contra Costa,154,6,4,83,61,2055,501,1046,508,72
Placentia,33.8710729,-117.8627548,Orange,85,0,5,23,57,844,158,614,72,46
Placerville,38.7296252,-120.798546,El Dorado,65,0,5,6,54,247,77,156,14,18
Pleasant Hill,37.9479786,-122.0607963,Contra Costa,94,1,2,43,48,1407,206,1085,116,43
Pleasanton,37.6604484,-121.8757968,Alameda,78,0,4,24,50,1294,210,1002,82,81
Pomona,34.055103,-117.7499909,Los Angeles,877,16,37,323,501,4504,867,2406,1231,154
Porterville,36.06523,-119.0167679,Tulare,222,4,11,59,148,1852,449,1154,249,58
Port Hueneme,34.1477829,-119.1951074,Ventura,65,1,6,11,47,375,103,229,43,24
Red Bluff,40.1784886,-122.2358302,Tehama,142,0,14,14,114,900,292,578,30,22
Redding,40.5865396,-122.3916754,Shasta,793,2,61,105,625,3037,849,1946,242,105
Redlands,34.0555693,-117.1825381,San Bernardino,243,2,25,104,112,2536,587,1706,243,77
Redondo Beach,33.8491816,-118.3884078,Los Angeles,210,1,1,68,140,1557,216,1238,103,94
Redwood City,37.48521520000001,-122.2363548,San Mateo,174,3,16,69,86,1641,461,988,192,90
Reedley,36.5963395,-119.4504029,Fresno,138,2,9,15,112,522,162,250,110,33
Rialto,34.1064001,-117.3703235,San Bernardino,497,7,32,193,265,2565,721,1338,506,110
Richmond,37.9357576,-122.3477486,Contra Costa,1176,21,44,405,706,4623,1521,1506,1596,188
Ridgecrest,35.6224561,-117.6708966,Kern,130,3,12,12,103,611,210,348,53,32
Rio Dell,40.4993013,-124.1064369,Humboldt,12,0,1,1,10,78,20,48,10,8
Rio Vista,38.1557502,-121.6913439,Solano,27,0,1,3,23,138,55,74,9,10
Ripon,37.7394537,-121.1354141,San Joaquin,22,0,3,4,15,251,33,198,20,23
Riverside,33.9806005,-117.3754942,Riverside,1448,9,78,502,859,9963,2068,6434,1461,361
Rocklin,38.7907339,-121.2357828,Placer,59,0,7,24,28,1032,215,750,67,51
Rohnert Park,38.3396367,-122.7010984,Sonoma,164,1,9,22,132,836,143,639,54,60
Roseville,38.7521235,-121.2880059,Placer,334,1,17,87,229,3802,542,3029,231,119
Ross,37.9624239,-122.5549775,Marin,1,0,0,0,1,35,10,25,0,9
Sacramento,38.5815719,-121.4943996,Sacramento,4112,33,165,1491,2423,20200,5027,11179,3994,696
Salinas,36.6777372,-121.6555013,Monterey,1162,19,23,365,755,4648,1358,2437,853,157
San Anselmo,37.9746458,-122.5616448,Marin,8,0,0,1,7,260,73,176,11,19
San Bernardino,34.1083449,-117.2897652,San Bernardino,1624,31,66,632,895,8967,2318,4928,1721,319
San Bruno,37.6304904,-122.4110835,San Mateo,81,1,5,30,45,909,127,641,141,44
Sand City,36.6171819,-121.8482855,Monterey,3,0,0,2,1,125,7,116,2,10
San Diego,32.715738,-117.1610838,San Diego,5616,29,300,1636,3651,30753,6387,17977,6389,1863
San Fernando,34.2819461,-118.4389719,Los Angeles,63,0,0,24,39,379,79,213,87,35
San Francisco,37.7749295,-122.4194155,San Francisco,5747,48,133,3180,2386,32365,4557,23905,3903,2250
San Gabriel,34.09611110000001,-118.1058333,Los Angeles,85,0,2,37,46,566,164,342,60,53
Sanger,36.708006,-119.5559652,Fresno,158,2,14,24,118,1105,271,665,169,35
San Jose,37.3382082,-121.8863286,Santa Clara,3215,20,253,976,1966,22081,3940,12730,5411,1259
San Leandro,37.7257663,-122.1568554,Alameda,347,4,10,209,124,3137,634,1911,592,87
San Luis Obispo,35.2827524,-120.6596156,San Luis Obispo,126,0,27,35,64,1686,372,1260,54,57
San Marino,34.121397,-118.1064585,Los Angeles,13,0,0,1,12,224,69,153,2,28
San Mateo,37.5629917,-122.3255254,San Mateo,292,1,24,82,185,1905,242,1464,199,106
San Pablo,37.9621457,-122.3455263,Contra Costa,241,2,7,109,123,1369,296,560,513,52
San Rafael,37.9735346,-122.5310874,Marin,236,3,34,82,117,1603,312,1030,261,65
San Ramon,37.7799273,-121.9780153,Contra Costa,35,0,6,17,12,975,215,693,67,58
Santa Ana,33.7454725,-117.867653,Orange,1510,28,88,719,675,6580,1116,4189,1275,353
Santa Barbara,34.4208305,-119.6981901,Santa Barbara,341,3,28,92,218,2528,487,1939,102,131
Santa Clara,37.3541079,-121.9552356,Santa Clara,182,2,7,62,111,3016,481,2210,325,137
Santa Cruz,36.9741171,-122.0307963,Santa Cruz,553,6,31,120,396,2936,495,2262,179,88
Santa Maria,34.9530337,-120.4357191,Santa Barbara,771,3,32,152,584,2319,506,1496,317,105
Santa Monica,34.0194543,-118.4911912,Los Angeles,392,1,12,167,212,3120,413,2541,166,204
Santa Paula,34.3541659,-119.0592705,Ventura,101,1,3,26,71,517,100,376,41,30
Santa Rosa,38.440429,-122.7140548,Sonoma,767,2,56,166,543,4096,757,3041,298,168
Sausalito,37.8590937,-122.4852507,Marin,9,0,1,0,8,195,43,141,11,18
Scotts Valley,37.0510595,-122.0146841,Santa Cruz,13,0,3,2,8,247,46,195,6,18
Seal Beach,33.7414085,-118.1047682,Orange,47,1,4,5,37,524,122,374,28,30
Seaside,36.6149217,-121.822098,Monterey,129,1,10,21,97,592,139,402,51,41
Sebastopol,38.4021359,-122.8238806,Sonoma,17,0,0,5,12,221,77,134,10,14
Selma,36.5707838,-119.6120765,Fresno,141,0,3,41,97,1355,293,735,327,31
Shafter,35.5005139,-119.2717761,Kern,43,0,7,11,25,549,178,285,86,23
Sierra Madre,34.1616729,-118.0528456,Los Angeles,14,0,0,4,10,186,58,126,2,18
Signal Hill,33.8044614,-118.1678456,Los Angeles,40,0,3,17,20,428,86,275,67,35
Simi Valley,34.2694474,-118.781482,Ventura,129,1,14,37,77,2209,388,1687,134,115
Soledad,36.424687,-121.3263187,Monterey,75,1,4,24,46,331,163,133,35,21
Sonora,37.9829496,-120.3821724,Tuolumne,24,0,2,6,16,381,78,290,13,12
South Gate,33.954737,-118.2120161,Los Angeles,598,7,13,326,252,2603,484,1295,824,84
South Lake Tahoe,38.939926,-119.9771868,El Dorado,164,0,14,26,124,377,171,190,16,39
South Pasadena,34.1161196,-118.1503488,Los Angeles,25,0,8,13,4,423,107,262,54,35
South San Francisco,37.654656,-122.4077498,San Mateo,152,5,13,54,80,1479,458,808,213,72
Stallion Springs,35.0888553,-118.6425912,Kern,7,0,0,0,7,17,4,8,5,3
St. Helena,38.5052429,-122.4703868,Napa,12,0,0,2,10,127,18,102,7,11
Stockton,37.9577016,-121.2907796,San Joaquin,4033,49,107,1413,2464,16177,4482,9654,2041,342
Suisun City,38.2382474,-122.040244,Solano,81,2,14,33,32,665,158,426,81,25
Sunnyvale,37.36883,-122.0363496,Santa Clara,169,0,26,59,84,2227,407,1574,246,213
Susanville,40.4162842,-120.6530063,Lassen,82,1,6,11,64,359,134,208,17,16
Sutter Creek,38.3929675,-120.8024357,Amador,4,0,0,0,4,76,14,54,8,5
Taft,35.1424671,-119.4565078,Kern,37,0,1,7,29,343,87,219,37,16
Tehachapi,35.1321877,-118.4489739,Kern,23,0,1,3,19,304,100,188,16,14
Tiburon,37.8735377,-122.4566392,Marin,4,0,1,1,2,89,10,74,5,13
Torrance,33.8358492,-118.3406288,Los Angeles,290,4,19,152,115,2859,516,2008,335,217
Tracy,37.7396513,-121.4252227,San Joaquin,135,4,9,57,65,2105,334,1526,245,85
Truckee,39.327962,-120.1832533,Nevada,25,0,0,2,23,209,50,151,8,26
Tulare,36.2077288,-119.3473379,Tulare,390,5,21,75,289,2613,527,1645,441,73
Tulelake,41.9559884,-121.4774916,Siskiyou,4,0,0,0,4,15,8,7,0,4
Turlock,37.4946568,-120.8465941,Stanislaus,466,1,21,124,320,2881,686,1730,465,81
Tustin,33.7420005,-117.8236391,Orange,128,1,9,56,62,1567,237,1186,144,90
Twin Cities,38.29102510000001,-121.31106,Sacramento,26,0,1,9,16,680,196,419,65,30
Ukiah,39.1501709,-123.2077831,Mendocino,92,0,12,10,70,466,156,291,19,27
Union City,37.5933562,-122.0438609,Alameda,324,4,8,138,174,1810,465,1084,261,74
Upland,34.09751,-117.6483876,San Bernardino,208,2,9,86,111,2358,495,1509,354,80
Vacaville,38.3565773,-121.9877444,Solano,272,3,27,71,171,1866,322,1370,174,101
Ventura,34.2804923,-119.2945199,Ventura,263,3,16,108,136,3458,652,2654,152,122
Vernon,34.003903,-118.230073,Los Angeles,26,0,1,18,7,316,43,191,82,50
Visalia,36.3302284,-119.2920585,Tulare,578,6,26,176,370,5334,1237,3497,600,135
Walnut Creek,37.9100783,-122.0651819,Contra Costa,115,1,5,38,71,2372,436,1783,153,76
Watsonville,36.910231,-121.7568946,Santa Cruz,327,1,13,98,215,1539,271,1091,177,66
Weed,41.42264979999999,-122.3861269,Siskiyou,21,0,4,3,14,99,32,57,10,10
West Covina,34.0686208,-117.9389526,Los Angeles,318,0,19,120,179,2979,531,1854,594,107
Westminster,33.7591757,-117.9897058,Orange,259,2,17,102,138,2539,419,1848,272,93
Westmorland,33.0372674,-115.6213817,Imperial,6,0,0,1,5,17,7,8,2,5
West Sacramento,38.5804609,-121.530234,Yolo,172,1,27,65,79,1345,304,863,178,67
Wheatland,39.0098946,-121.4230133,Yuba,5,0,1,0,4,48,9,34,5,7
Whittier,33.9791793,-118.032844,Los Angeles,343,2,20,96,225,2433,413,1734,286,123
Williams,39.1546137,-122.1494187,Colusa,15,0,0,2,13,93,22,58,13,11
Willits,39.4096079,-123.3555656,Mendocino,41,0,3,12,26,112,30,62,20,12
Willows,39.5243265,-122.1935931,Glenn,21,0,4,6,11,176,36,134,6,10
Winters,38.5249065,-121.9708017,Yolo,6,0,3,0,3,169,58,99,12,9
Woodlake,36.4135605,-119.0987176,Tulare,18,1,2,3,12,195,35,144,16,13
Woodland,38.67851570000001,-121.7732971,Yolo,161,1,17,39,104,1513,352,993,168,64
Yreka,41.7354186,-122.6344709,Siskiyou,54,0,2,2,50,263,69,176,18,14
Yuba City,39.1404477,-121.6169108,Sutter,216,2,22,51,141,1783,409,1222,152,64
